Name,Site,Coordinates,Capacity (MW),latitude,longitude
Forsmark 1,Forsmark,60°24′20″N 18°09′41″E,984,60.40555555555555,18.161388888888887
Forsmark 2,Forsmark,60°24′14″N 18°10′24″E,1120,60.403888888888886,18.173333333333336
Forsmark 3,Forsmark,60°24′10″N 18°10′31″E,1167,60.40277777777778,18.17527777777778
Oskarshamn 3,Figeholm,57°24′58″N 16°40′23″E,1400,57.41611111111111,16.673055555555557
Ringhals 1,Gloppe,57°15′43″N 12°06′41″E,865,57.261944444444445,12.111388888888888
Ringhals 3,Gloppe,57°15′29″N 12°06′25″E,1070,57.25805555555556,12.106944444444444
Ringhals 4,Gloppe,57°15′24″N 12°06′31″E,1120,57.25666666666667,12.108611111111111
Älvkarleby Hydroelectric Power Station,Älvkarleby,60°33′50″N 17°26′32″E,126,60.56388888888888,17.442222222222224
Hojum Hydroelectric Power Station,Trollhättan,58°16′49″N 12°16′43″E,170,58.280277777777776,12.278611111111111
Juktan Pumped-Storage Hydroelectric Power Station[1],Gunnam,64°57′37″N 17°34′47″E,334,64.96027777777778,17.579722222222223
Letten Pumped-Storage Hydroelectric Power Station,Värmland,60°42′38″N 12°40′26″E,36,60.71055555555556,12.673888888888888
Olidan Hydroelectric Power Station,Trollhättan,58°16′30″N 12°16′21″E,130,58.275,12.2725
Porjus Hydroelectric Power Station,Porjus,66°57′15″N 19°47′46″E,480,66.95416666666667,19.796111111111113
Harsprånget Hydroelectric power station,Harsprånget,66°53′06″N 19°48′53″E,977,66.885,19.814722222222223
Stornorrfors Hydroelectric power station,Norrfors,63°31′08″N 20°21′36″E,599,63.51888888888889,20.360000000000003
Messaure,Messaure,66°24′36″N 20°12′00″E,460,66.41000000000001,20.2
Letsi,Letsi,66°30′16″N 20°23′02″E,456,66.50444444444445,20.383888888888887
Kilforsen,Kilforsen,63°19′28″N 16°27′15″E,415,63.324444444444445,16.454166666666666
Trängslet Dam,Trängslet,61°22′48″N 13°43′48″E,330,61.38,13.73
Aapua Wind Farm,"Övertorneå, Norrbotten",66°51′45″N 23°32′14″E,10,66.8625,23.537222222222223
Falkenberg,"Falkenberg, Halland","(56.9082869, 12.4910249)",11,56.9082869,12.4910249
Fjällberget[5],Ludvika Dalarna,"(60.1561137, 15.1932824)",10,60.1561137,15.1932824
Hedagården-Tågarp wind park,"Svalöv, Skåne","(55.9129710, 13.1018145)",9,55.912971,13.1018145
Hornberg Wind Farm,"Malå, Västerbotten","(48.2122869, 8.2329326)",10,48.2122869,8.2329326
Jädraås[6],"Ockelbo, Gävleborg","(60.8919291, 16.7201873)",203,60.8919291,16.7201873
Landskrona,"Landskrona, Skåne","(55.8747545, 12.8315890)",7,55.8747545,12.831589
Lillgrund Wind Farm,"Malmö, Skåne",55°31′N 12°47′E,110,55.516666666666666,12.783333333333333
Långå Wind Farm,"Härjedalen, Jämtland","(55.4931355, 10.5413082)",10,55.4931355,10.5413082
Lärbro,"Gotland, Gotland","(57.4921529, 18.4697660)",9,57.4921529,18.469766
Mungseröd wind park,"Tanum, Västra Götaland","(58.7175773, 11.3319928)",9,58.7175773,11.3319928
Näs,"Gotland, Gotland","(57.4921529, 18.4697660)",72,57.4921529,18.469766
Råshön Wind Farm,"Krokom, Jämtland","(63.3273612, 14.4477554)",10,63.3273612,14.4477554
Slite,"Gotland, Gotland","(57.4921529, 18.4697660)",11,57.4921529,18.469766
Stora Istad Wind Farm,"Borgholm, Kalmar","(56.9426565, 16.8037173)",10,56.9426565,16.8037173
Utgrunden,,"(56.3509654, 16.2669845)",10,56.3509654,16.2669845
Älmhult power farm (formerly Kastlösa),,"(56.5524461, 14.1374047)",9,56.5524461,14.1374047
Bondön[7],,"(65.2173000, 21.7000872)",,65.2173,21.7000872
Brattön[7],,"(57.9195820, 11.7315856)",,57.919582,11.7315856
Gabrielsberget[7],,"(63.5340964, 19.2666379)",,63.5340964,19.2666379
Glötesvålen[7],,"(62.1340941, 13.5666668)",,62.1340941,13.5666668
Havsnäs Wind Farm,,"(64.0740617, 15.8259589)",95,64.0740617,15.8259589
Hud/Kil[7],,"(58.6531067, 11.4223038)",,58.6531067,11.4223038
Markbygden Wind Farm,"Piteå, Norrbotten County",65°25′N 20°40′E,4000,65.41666666666667,20.666666666666668
Sjisjka[7],,"(67.6173986, 20.2333041)",,67.6173986,20.2333041
Storrun[7],Krokum,"(63.3270418, 14.4478781)",30,63.3270418,14.4478781
Saxberget[7],,"(60.1174442, 14.9816400)",,60.1174442,14.98164
Skottarevet[7],,"(56.8845139, 12.4334201)",,56.8845139,12.4334201
Bouillante 2 Power Plant[1],"Bouillante, Guadeloupe","(16.1275285, -61.7710651)",15,16.1275285,-61.7710651
Grand'Maison Dam,Isère,"(45.2060609, 6.1171331)",1800,45.2060609,6.1171331
Charmes Dam,Beauchastel,44.823757°N 4.811239°E,223,44.823757,4.811239
Bort-les-Orgues Dam,Bort-les-Orgues,45.413289°N 2.497512°E,240,45.413289,2.497512
La Roche de Glun Dam,Bourg lès Valence,45.010397°N 4.839448°E,186,45.010397,4.839448
Caderousse dam,Caderousse,44.095934°N 4.723075°E,156,44.095934,4.723075
Chastang Dam,Belvedere,45.151825°N 2.010005°E,282,45.151825,2.010005
Rochemaure Dam,Chateauneuf du Rhône,44.592568°N 4.726374°E,285,44.592568,4.726374
Donzère-Mondragon (Bollène) dam,Saint-Pierre de Senos,44.303735°N 4.742425°E,354,44.303735,4.742425
Eguzon dam,Éguzon-Chantôme,46.454778°N 1.612759°E,12,46.454778,1.612759
Génissiat Dam,Génissiat,46.052714°N 5.812862°E,396,46.052714,5.812862
l'Aigle Dam,Aynes,45.243727°N 2.224817°E,133,45.243727,2.224817
Marèges Dam,Marèges,45.391798°N 2.364335°E,272,45.391798,2.364335
Monteynard Power Station,La Motte Saint Martin,44.961181°N 5.688751°E,364,44.961181,5.688751
Le Pouget,Mas Audran,44.059990°N 2.768597°E,444.5,44.05999,2.768597
La Bâthie Power Station,Boudin,45.685437°N 6.622497°E,546,45.685437,6.622497
Sarrans dam,Sarrans,44.829479°N 2.740515°E,155,44.829479,2.740515
Saulce sur Rhône (Loriol Le Pouzin Dam),Le Pouzin,44.737391°N 4.763410°E,211,44.737391,4.76341
Serre-Ponçon Power Station,Rousset,44.471644°N 6.270618°E,380,44.471644,6.270618
Tignes Dam (Brevieres/Malgovert),Tignes,45.494815°N 6.932142°E,428,45.494815,6.932142
Vallorcine Power Station (Emosson Dam),Vallorcine,46°04′03″N 6°55′56″E,189,46.0675,6.932222222222222
Vogelgrun Power Station,Vogelgrun,48.020257°N 7.573829°E,140,48.020257,7.573829
Vouglans Dam,Vouglans,46.397417°N 5.665560°E,262,46.397417,5.66556
Revin Pumped Storage Power Plant,Revin,49.925556°N 4.613333°E,800,49.925556,4.613333
Chinon NPP,Avoine,47.230556°N 0.170556°E,"3,620 (4 X 905)",47.230556,0.170556
Flamanville NPP,Flamanville,49.536389°N 1.881667°W,"4,230 (2 x 1,330, 1 x 1,570)",49.536389,-1.881667
Saint-Laurent-B NPP,Saint-Laurent-Nouan,47.72°N 1.5775°E,"1,830 (2 x 915)",47.72,1.5775
Provence Power Station,Gardanne,43.468°N 5.486°E,750 MW (600 MW (coal) + 150 MW (wood-fired)),43.468,5.486
Le Havre Power Station,Le Havre,49.475°N 0.148°E,600 MW (coal),49.475,0.148
Cordemais Power Station,Cordemais,47.276°N 1.877°W,"1,200 MW (2 × 600 MW (coal))",47.276,-1.877
Émile Huchet Power Station,Saint-Avold,49.153°N 6.703°E,"1,478 MW (1 × 618 MW (coal) + 2* 430 MW (oil))",49.153,6.703
Backbarrow Power Station[48][49],Backbarrow,54°15′15.857″N 2°59′25.389″W,0.325,54.25440472222222,-2.9903858333333333
Bedlington,Northumberland,"(55.1329331, -1.5989684)",0.3,55.1329331,-1.5989684
Beeston[50],Beeston,52°55′8.043″N 1°13′41.043″W,1.66,52.91890083333333,-1.2280675
Belper North Mill[51],Belper,53°1′41.579″N 1°29′12.841″W,0.35,53.028216388888886,-1.4869002777777778
Biddulph,Biddulph,"(53.1200908, -2.1712881)",0,53.1200908,-2.1712881
Borrowash Mill[51],Borrowash,52°54′0.055″N 1°22′0.031″W,0.179,52.900015277777776,-1.3666752777777778
Brignall Mill[52][53],Brignall,54°30′20.95″N 1°53′54.011″W,0.003,54.50581944444444,-1.898336388888889
Burton Mill,Burton upon Trent,"(52.5057748, -1.4046071)",0.07,52.5057748,-1.4046071
Chagford[1],,"(52.1420882, -0.4453339)",0.026,52.1420882,-0.4453339
Coniston[1],Coniston,"(54.3693779, -3.0755523)",0.3,54.3693779,-3.0755523
Cotton Valley Sewage Works 2[15][53],Milton Keynes,52°3′27.216″N 0°42′31.916″W,0.015,52.057559999999995,-0.7088655555555555
Cuckney School[51],Cuckney,53°14′6.031″N 1°9′14.024″W,0.008,53.23500861111111,-1.1538955555555555
De Lank Quarry[54][55],St Breward,"(50.5480863, -4.6814133)",0.3,50.5480863,-4.6814133
Derwent Reservoir,Blanchland,"(53.4175805, -1.7504619)",0.097,53.4175805,-1.7504619
Downton[1],Salisbury,"(50.9894574, -1.7230058)",0.15,50.9894574,-1.7230058
Gants Mill,Bruton,51°6′23.2″N 2°28′0.91″W,0.012,51.10644444444445,-2.4669194444444447
Glen Lyn Gorge,Lynmouth,"(51.2285260, -3.8293442)",0.3,51.228526,-3.8293442
Guildford Hydro[56][57],Guildford,51°10′48.202″N 0°45′0.034″W,0.035,51.18005611111111,-0.7500094444444444
Hamlyn Mill,Swaffham,"(52.6506671, 0.6857047)",0.007,52.6506671,0.6857047
Houghton Mill,Houghton,"(52.3310721, -0.1205794)",0.012,52.3310721,-0.1205794
Kielder Water,Kielder,55°10′59.91″N 2°30′0.003″W,12,55.18330833333333,-2.5000008333333334
Linton[1],Linton-on-Ouse,"(54.0408964, -1.2437303)",0.75,54.0408964,-1.2437303
Longbridge Weir Hydro,Derby,52°55′22″N 1°28′15″W,0.023,52.922777777777775,-1.4708333333333334
Marytavy[1],Marytavy,"(50.5941613, -4.1155104)",3.988,50.5941613,-4.1155104
Masson Mill[51],Matlock Bath,53°6′46.038″N 1°33′42.004″W,0.26,53.112788333333334,-1.5616677777777779
Osney Lock Hydro[58],Oxford,51°44′59.4384″N 1°16′23.5056″W,0.049,51.749844,-1.273196
Ringwood[1],Ringwood,"(50.8483568, -1.7881436)",0.147,50.8483568,-1.7881436
Settle Hydro,Settle,54°07′26″N 2°28′08″W,0.05,54.12388888888889,-2.468888888888889
Tellisford Mill,Tellisford,51°17′54.06″N 2°16′51.86″W,0.075,51.29835,-2.281072222222222
Torrs Hydro,New Mills,53°21′50″N 2°00′01″W,0.063,53.36388888888889,-2.000277777777778
Whalley Hydro[59],Whalley,53.8186°N 2.4041°W,0.1,53.8186,-2.4041
Borssele Nuclear Power Station,Borssele,51.431°N 3.717°E,485,51.431,3.717
KRB Unit C,Gundremmingen,48.5155383°N 10.4020786°E,1288,48.5155383,10.4020786
GKN Unit 2,Neckarwestheim,49.0406214°N 9.1755903°E,1269,49.0406214,9.1755903
KKI Isar Unit 2,Essenbach,48.6055532°N 12.2931647°E,1365,48.6055532,12.2931647
KWG,Grohnde,52.0348748°N 9.4097793°E,1360,52.0348748,9.4097793
KBR,Brokdorf,53.850666°N 9.3457603°E,1326,53.850666,9.3457603
KKE,Emsland,52.4716974°N 7.3206389°E,1290,52.4716974,7.3206389
Bad Abbach Power Station,Bad Abbach,48.94638809°N 12.01305556°E,3.5 MW ( traction current),48.94638809,12.01305556
Aufkirchen Power Station,Aufkirchen,48.3052492°N 11.8577135°E,40 ( 13 MW traction current),48.3052492,11.8577135
Bad Säckingen Power Station,Bad Säckingen,47.5577658°N 7.956714°E,73.6,47.5577658,7.956714
Bergheim Power Station,Bad Säckingen,48.7507492°N 11.2729812°E,23.7 ( only traction current),48.7507492,11.2729812
Bertoldsheim Power Station,Rennertshofen,48.735722°N 11.0208321°E,18.9 ( only traction current),48.735722,11.0208321
Bettenberg Power Station,Nagold,48.600881°N 8.73715°E,0.2,48.600881,8.73715
Bittenbrunn Power Station,Bittenbrunn,48.7344448°N 11.1436504°E,20.2 ( only traction current),48.7344448,11.1436504
Dettingen Power Station,Dettingen,48.112167°N 10.133225°E,11,48.112167,10.133225
Eitting Power Station,Eitting,48.3589581°N 11.8827975°E,? ( only traction current),48.3589581,11.8827975
Fankel Power Station,Fankel,50.124044°N 7.227222°E,16.4,50.124044,7.227222
Forggensee Dam,Rosshaupten,47.6542518°N 10.7497251°E,45.5,47.6542518,10.7497251
Iffezheim Power Station,Iffezheim,48.8327607°N 8.1104851°E,104,48.8327607,8.1104851
Ingolstadt Hydroelectric Power Station,Ingolstadt,48.7503672°N 11.4119518°E,19.8 ( only traction current),48.7503672,11.4119518
Kachlet Power Station,Passau,48.5791554°N 13.4073865°E,52,48.5791554,13.4073865
Koblenz Power Station,Koblenz,50.365783°N 7.581553°E,16,50.365783,7.581553
Laufenburg Power Station,Laufenburg,47.5566146°N 8.0480593°E,106,47.5566146,8.0480593
Möhne Dam,Günne,51.4896339°N 8.0589706°E,7.04,51.4896339,8.0589706
Mühlhausen Power Station,Mühlacker,48.933664°N 8.90195°E,1.68,48.933664,8.90195
Pfrombach Power Station,Pfrombach,48.4413727°N 11.9928968°E,? ( also traction current),48.4413727,11.9928968
Rheinfelden Power Station,Rheinfelden,47.5700403°N 7.8126848°E,25.7,47.5700403,7.8126848
Ryburg-Schwörstadt Power Station,Schwörstadt,47.5868403°N 7.8338555°E,120,47.5868403,7.8338555
Serrig Power Station,Serrig,49.566669°N 6.592558°E,12.1,49.566669,6.592558
Walchensee Hydroelectric Power Station,Kochel am See,47.6298189°N 11.3374454°E,124 ( 52 MW traction current),47.6298189,11.3374454
Wendefurth Power Station,Wendefurth,51.7390417°N 10.9071493°E,80,51.7390417,10.9071493
Wyhlen Dam,Grenzach-Wyhlen,47.5389195°N 7.7076817°E,38.5,47.5389195,7.7076817
Schärding-Neuhaus Power Station,Neuhaus am Inn,48.4354009°N 13.4388113°E,96,48.4354009,13.4388113
Sylvenstein Dam,Langleger,47.5863428°N 11.549651°E,7,47.5863428,11.549651
Söse Dam,Osterode am Harz,51.7386962°N 10.310626°E,1.44,51.7386962,10.310626
Albbecken Pumped Storage Station ( Witznau Pumped Storage Station),Witznau,47.6878681°N 8.2514513°E,220,47.6878681,8.2514513
Bleiloch Pumped Storage Station,Remptendorf,50.5252824°N 11.7150521°E,80,50.5252824,11.7150521
Erzhausen Pumped Storage Station,Erzhausen,51.898611111111°N 9.925°E,220,51.898611111111,9.925
Geesthacht Pumped Storage Station,Geesthacht,53.4191238°N 10.3936458°E,131,53.4191238,10.3936458
Glems Pumped Storage Station,Glems,48.5051789°N 9.2872453°E,90,48.5051789,9.2872453
Goldisthal Pumped Storage Station,Goldisthal,50.5080843°N 11.0044706°E,1060,50.5080843,11.0044706
Happurg Pumped Storage Station,Happurg,49.4870295°N 11.4747262°E,176,49.4870295,11.4747262
Häusern Pumped Storage Station,Häusern,47.7553855°N 8.1883067°E,140,47.7553855,8.1883067
Hohenwarte II Pumped Storage Station,Hohenwarte,50.6040914°N 11.4749408°E,320,50.6040914,11.4749408
Hotzenwald Pumped Storage Station,Wehr,47.6523655°N 7.9256701°E,992,47.6523655,7.9256701
Koepchenwerk Pumped Storage Station,Herdecke,51.411363°N 7.4541378°E,153,51.411363,7.4541378
Langenprozelten Pumped Storage Station,Langenprozelten,50.0531314°N 9.5813522°E,160 ( only traction current),50.0531314,9.5813522
Leitzach Pumped Storage Station,Vagen,47.8740619°N 11.8701214°E,93,47.8740619,11.8701214
Markersbach Pumped Storage Station,Markersbach,50.5175266°N 12.8806436°E,1050,50.5175266,12.8806436
Mittweida Pumped Storage Station,Mittweida,50.9895028°N 13.0066431°E,1.65,50.9895028,13.0066431
Niederwartha Pumped Storage Station,Niederwartha,51.0913301°N 13.6100435°E,120,51.0913301,13.6100435
Oder Valley Dam,Bad Lauterberg,51.6460663°N 10.5031013°E,5.04,51.6460663,10.5031013
Ortenberg-Lissberg Pumped Storage Station,Ortenberg,50.3763118°N 9.092592°E,2.3,50.3763118,9.092592
Reisach Pumped Storage Station,Reisach,49.530104°N 12.2845924°E,105,49.530104,12.2845924
Rönkhausen Pumped Storage Station,Rönkhausen-Glinge,51.2247664°N 7.9933155°E,160,51.2247664,7.9933155
Rudolf-Fettweis-Power Plant,Forbach,48.6685328°N 8.3530855°E,44,48.6685328,8.3530855
Rusel Power Plant,Deggendorf-Mietraching,48.8592093°N 13.0070293°E,44,48.8592093,13.0070293
Säckingen Pumped Storage Station,Bad Säckingen,47.5656065°N 7.9536295°E,472,47.5656065,7.9536295
Tanzmühle Pumped Storage Station,Döllnitz,49.5521595°N 12.281127°E,25.2,49.5521595,12.281127
Waldeck I Pumped Storage Station,Hemfurth-Edersee,51.1661452°N 9.0463078°E,146,51.1661452,9.0463078
Waldeck II Pumped Storage Station,Hemfurth-Edersee,51.1665488°N 9.0465868°E,440,51.1665488,9.0465868
Waldshut Pumped Storage Station,Waldshut,47.6176199°N 8.192625°E,176,47.6176199,8.192625
Warmutsgund Pumped Storage Station,Obersdorf,47.3495674°N 10.2657473°E,4.72,47.3495674,10.2657473
Wendefurth Pumped Storage Station,Wendefurth,51.7390151°N 10.9072566°E,80,51.7390151,10.9072566
Wisenta Pumped Storage Station,Crispendorf,50.5763182°N 11.7171872°E,3.3,50.5763182,11.7171872
Holtriem,Lower Saxony,53°36′37″N 7°25′45″E,207,53.61027777777778,7.429166666666667
Reußenköge,Schleswig-Holstein,54°36′40″N 8°54′13″E,203,54.611111111111114,8.903611111111111
Werder/Kessin,Mecklenburg-Vorpommern,53°42′55″N 13°19′11″E,201,53.71527777777778,13.319722222222222
Stößen-Teuchern,Sachsen-Anhalt,51°7′54″N 11°57′51″E,183,51.13166666666667,11.964166666666666
Hüselitz,Sachsen-Anhalt,52°30′57″N 11°46′51″E,151,52.51583333333333,11.780833333333334
Hohe See,North Sea,54°26′0″N 6°28′0″E,497,54.43333333333333,6.466666666666667
Borkum Riffgrund 2,North Sea,54°58′0″N 6°29′44″E,464,54.96666666666667,6.495555555555556
Veja Mate,North Sea,54°19′00″N 5°52′0″E,402,54.31666666666667,5.866666666666667
BARD,North Sea,54°21′18″N 5°58′48″E,400,54.355000000000004,5.98
Global Tech I,North Sea,54°15′43″N 6°24′38″E,400,54.261944444444445,6.410555555555556
Neuhardenberg Solar Park[8],,52°36′49.62″N 14°14′32.64″E,145,52.61378333333334,14.2424
Strasskirchen Solar Park,Strasskirchen,"(48.8334822, 12.7214025)",54,48.8334822,12.7214025
Lieberose Photovoltaic Park [9][10],,"(51.9281117, 14.4058462)",53,51.9281117,14.4058462
Kothen Solar Park,,"(51.7506518, 11.9806425)",45,51.7506518,11.9806425
Finsterwalde Solar Park,,"(52.4126708, 12.5316406)",42,52.4126708,12.5316406
"550,000 thin-film modules",Muldentalkreis,51°19′43″N 12°39′20″E,40,51.328611111111115,12.655555555555557
Amsdorf Solar Park[11],,51°28′N 11°44′E,28,51.46666666666667,11.733333333333333
Solarpark Heideblick[12],,51°50′N 13°40′E,27.5,51.833333333333336,13.666666666666666
Solarpark Eiche[13],,52°34′N 13°36′E,26.5,52.56666666666667,13.6
Lauingen Energy Park[14],,48°32′13″N 10°25′27″E,25.7,48.536944444444444,10.424166666666666
1408 SOLON mover,Arnstein,50°0′10″N 9°55′15″E,12,50.00277777777778,9.920833333333333
"57,912 solar modules",Pocking,48°22′4″N 13°17′55″E,10,48.367777777777775,13.29861111111111
"57,600 solar modules",Mühlhausen,49°09′29″N 11°25′59″E,6.3,49.158055555555556,11.433055555555555
"30,000 BP Solar modules",Bürstadt,49°39′N 8°28′E,5,49.65,8.466666666666667
"33,500 Shell Solar modules",Espenhain,51°12′N 12°31′E,5,51.2,12.516666666666667
"25,000 BP solar modules",Merseburg,51°22′N 12°0′E,4,51.36666666666667,12.0
"50,000 solar modules",Gottelborn,49°21′N 7°2′E,4,49.35,7.033333333333333
"32,740 solar modules",Hemau,49°3′N 11°47′E,4,49.05,11.783333333333333
"Solara, Sharp and Kyocera solar modules",Dingolfing,48°38′N 12°30′E,3.3,48.63333333333333,12.5
Sharp solar modules,Guenching,49°16′N 11°34′E,1.9,49.266666666666666,11.566666666666666
Sharp solar modules,Minihof,"(48.5586006, 12.8971134)",1.9,48.5586006,12.8971134
Mutnovskaya Power Station[1],,"(52.5386727, 158.2020608)",50,52.5386727,158.2020608
Verhne-Mutnovskaya Power Station[1],,"(52.5515588, 158.2376776)",12,52.5515588,158.2376776
Pauzhetskaya Power Station[1],,"(51.4689777, 156.8123926)",14.5,51.4689777,156.8123926
Mendeleevskaya Power Station[1],,"(55.8526273, 37.6684733)",3.6,55.8526273,37.6684733
Okeanskaya Power Station[1],,"(43.2352625, 132.0082114)",3.6,43.2352625,132.0082114
Aushiger,,"(43.3836959, 43.7270809)",63.5,43.3836959,43.7270809
Boris Gleb,,"(58.1213582, 36.6810382)",56,58.1213582,36.6810382
Belomorskaya,,"(55.8651815, 37.4751397)",27,55.8651815,37.4751397
Belorechenskaya,,"(55.6638284, 37.7714360)",48,55.6638284,37.771436
Boguchany,Kodinsk,58°41′40″N 99°08′56″E,2997,58.69444444444444,99.14888888888889
Bratsk[2],Bratsk,56°17′10″N 101°47′10″E,4500,56.28611111111111,101.78611111111111
Bureya Dam,Talakan,50°16′07″N 130°18′54″E,2010,50.26861111111111,130.315
Cheboksary,Novocheboksarsk,56°08′17″N 47°27′56″E,1370,56.13805555555555,47.46555555555556
Chirkey[3],Dubki,42°58′37.92″N 46°52′14.88″E,1000,42.9772,46.8708
Egorlyk,,"(46.5638092, 40.6527213)",30,46.5638092,40.6527213
Egorlyk-2,,"(46.5638092, 40.6527213)",14.2,46.5638092,40.6527213
Gelbakh,,"(43.1543668, 46.8496456)",44,43.1543668,46.8496456
Gergebil,,"(42.5151205, 47.0599878)",17.8,42.5151205,47.0599878
Gizeldon,Koban,42°54′09″N 44°27′36.36″E,22.9,42.902499999999996,44.460100000000004
Gunib,,"(42.3861283, 46.9626296)",15,42.3861283,46.9626296
Hevoskoski,,"(60.3213790, 25.0712169)",47,60.321379,25.0712169
Iova,,66°40′09″N 31°23′22″E,96,66.66916666666667,31.389444444444443
Irganajskaya[3],Gimry,42°44′42.72″N 46°49′53.76″E,400,42.745200000000004,46.8316
Iriklinskaya,,"(51.6722395, 58.6273709)",30,51.6722395,58.6273709
Irkutsk[2],Irkutsk,52°14′12″N 104°19′18″E,662.4,52.236666666666665,104.32166666666666
Ivankovo,Dubna,56°44′11″N 37°07′16.38″E,30,56.73638888888889,37.12121666666667
Kashkhatau,,"(43.3158962, 43.6049164)",65.1,43.3158962,43.6049164
Kaitakoski,,"(67.8601575, 35.0773475)",11.2,67.8601575,35.0773475
Kama,Perm,58°06′56″N 56°19′50″E,522,58.11555555555556,56.330555555555556
Kolyma[3],Sinegorye,62°03′30″N 150°25′00″E,900,62.05833333333333,150.41666666666666
Kondopoga,Kondopoga,"(62.2073042, 34.2611942)",25.6,62.2073042,34.2611942
Krasnopolyanskaya,,"(55.8870689, 37.4907281)",28.9,55.8870689,37.4907281
Krasnoyarsk,Divnogorsk,55°56′05″N 92°17′40″E,6000,55.93472222222222,92.29444444444444
Krivoporozhskaya[3],,"(65.0294089, 33.6630854)",180,65.0294089,33.6630854
Kuban-1,,44.3450898°N 42.4999237°E,37,44.3450898,42.4999237
Kuban-2,Udarnyy,44.3450898°N 42.4999237°E,184,44.3450898,42.4999237
Kuban-3,,44.3450898°N 42.4999237°E,87,44.3450898,42.4999237
Kuban-4,,44.3450898°N 42.4999237°E,78,44.3450898,42.4999237
Kureyka[4],,"(51.7878497, 19.5826592)",600,51.7878497,19.5826592
Lesogorsk,Lesogorsky,61°03′30.6″N 28°52′24.24″E,118,61.058499999999995,28.8734
Lower Svir[3],Svirstroy,60.8069204°N 33.7021065°E,99,60.8069204,33.7021065
Lower Teriberka[3],,"(69.1826721, 35.1190452)",26.5,69.1826721,35.1190452
Lower Tuloma[3],,"(68.8597818, 32.8987567)",57.2,68.8597818,32.8987567
Maina[3],Golubaya,52.9703271°N 91.4957714°E,321,52.9703271,91.4957714
Mamakan[3],Bodaybo,"(57.8181289, 114.0147135)",100.2,57.8181289,114.0147135
Matkozhnenskaya,,"(64.4153238, 34.4688293)",63,64.4153238,34.4688293
Miatly[3],,"(55.6056909, 38.1025108)",220,55.6056909,38.1025108
Narva[3],Ivangorod,59°22′04″N 28°12′40″E,125.1,59.367777777777775,28.211111111111112
Nizhnekamsk [5],Naberezhnye Chelny,55°41′59″N 52°16′43″E,1205,55.69972222222222,52.27861111111111
Nizhny Novgorod,Gorodets,56.6728294°N 43.3987427°E,520,56.6728294,43.3987427
Novosibirsk[3],Novosibirsk,54°51′01.08″N 82°59′11.4″E,460,54.850300000000004,82.9865
Niva-1[3],,"(54.1913358, 37.5269888)",26,54.1913358,37.5269888
Niva-2[3],,"(54.1913358, 37.5269888)",60,54.1913358,37.5269888
Niva-3[3],,"(54.1913358, 37.5269888)",155.5,54.1913358,37.5269888
Onda,,"(63.9633572, 34.1933852)",80,63.9633572,34.1933852
Jäniskoski,,"(64.9615787, 27.7339145)",30.5,64.9615787,27.7339145
Palyeozerskaya,,"(63.1668856, 32.3384034)",25,63.1668856,32.3384034
Pavlovka,Pavlovka,55.4178103°N 56.5335846°E,201.6,55.4178103,56.5335846
Poduzhemskaya,,"(64.9104816, 34.2583608)",48,64.9104816,34.2583608
Rajakoski,,"(69.0171603, 29.0048869)",43.2,69.0171603,29.0048869
Rybinsk,Rybinsk,58°06′00″N 38°42′35″E,356.4,58.1,38.709722222222226
Saratov,Balakovo,52°03′11″N 47°45′18″E,1391,52.05305555555555,47.755
Sayano-Shushenskaya Dam,Sayanogorsk,52°49′31″N 91°22′15″E,6400,52.82527777777778,91.37083333333332
Serebryanskaya-1[3],,"(53.8797662, 27.5763987)",204.9,53.8797662,27.5763987
Serebryanskaya-2[3],,"(53.8797662, 27.5763987)",150,53.8797662,27.5763987
Sheksna,,"(59.2083867, 38.5177388)",84,59.2083867,38.5177388
Shirokovskaya,,"(58.6388201, 49.5869382)",28,58.6388201,49.5869382
Svetogorsk,Svetogorsk,61°06′15.84″N 28°50′21.84″E,122,61.1044,28.839399999999998
Tolmacheva-2,,"(56.8359000, 60.6102330)",24.8,56.8359,60.610233
Tolmacheva-3,,"(56.8359000, 60.6102330)",18.4,56.8359,60.610233
Tsimlyansk,Volgodonsk,47.6078991°N 42.1088791°E,211.5,47.6078991,42.1088791
Uglich,Uglich,57.5273452°N 38.2983398°E,120,57.5273452,38.2983398
Upper Svir[3],Podporozhye,60°55.3′N 34°11.55′E,160,60.92166666666667,34.1925
Upper Teriberka[3],,"(69.1823812, 35.1207181)",130,69.1823812,35.1207181
Upper Tuloma[3],Verkhetulomskiy,68°36′24″N 31°44′52″E,268,68.60666666666665,31.747777777777777
Ust-Ilimsk[2],Ust-Ilimsk,57°58′06″N 102°41′45″E,3840,57.968333333333334,102.69583333333334
Viluy[3],,"(55.1364514, 61.4092465)",648,55.1364514,61.4092465
Viluy-III[3],,"(55.1364514, 61.4092465)",270,55.1364514,61.4092465
Volga,Volgograd,48°49′34″N 44°40′19″E,2650,48.82611111111112,44.67194444444444
Volkhov,Volkhov,56.7905376°N 54.0915298°E,86,56.7905376,54.0915298
Votkinsk,Chaykovsky,56°47′12.63″N 54°04′44.01″E,1020,56.78684166666667,54.07889166666667
Vygostrovskaya,,"(64.4892963, 34.6623340)",40,64.4892963,34.662334
Zelenchuk[4],Kumysh,43.8983562°N 41.8825436°E,160,43.8983562,41.8825436
Zeya[3],Zeya,53.7698192°N 127.3057938°E,1330,53.7698192,127.3057938
Zhiguli,Zhigulyovsk,53°26′42″N 49°29′24″E,2404,53.44499999999999,49.49
Kuban Pumped Storage Station,,"(45.3518976, 39.4630750)",15.9/19.2,45.3518976,39.463075
Moscow Canal Scheme,,56°43′N 37°08′E,31.1/101.0,56.71666666666667,37.13333333333333
Zagorsk-1 Pumped Storage Station[6],Bogorodskoye,56°28′55″N 38°11′28″E,1200/1320,56.481944444444444,38.191111111111105
Zagorsk-2 Pumped Storage Station U/C[7],,56°28′25″N 38°11′08″E,840,56.47361111111111,38.18555555555555
Kislaya Guba Tidal Power Station,Kislaya Guba,69°21′55″N 33°04′15″E,1.7,69.36527777777778,33.07083333333334
Kalmytskaya Wind Farm,,46.247226°N 44.014996°E,1,46.247226,44.014996
Kulikovskaya Wind Farm,,54°56′02″N 20°21′0″E,5.1,54.93388888888889,20.35
Tyupkildy Wind Farm,,54°34′15.08″N 54°14′30.60″E,2.2,54.57085555555556,54.24183333333333
Lukoml GRES,Viciebsk Region,"(53.8920467, 27.5049142)",2889,53.8920467,27.5049142
Byaroza GRES,Brest Region,"(52.5311715, 24.9835975)",1095,52.5311715,24.9835975
Minsk thermal No. 4,Minsk city,"(53.8954315, 27.5489567)",1035,53.8954315,27.5489567
Minsk thermal No. 5,Minsk Region,"(53.8954315, 27.5489567)",719.6,53.8954315,27.5489567
Homiel thermal No. 2,Homiel city,"(52.4334812, 30.9888371)",544,52.4334812,30.9888371
Minsk thermal No. 3,Minsk city,"(53.8954315, 27.5489567)",442,53.8954315,27.5489567
Mahilioŭ thermal No. 2,Mahilioŭ city,"(53.9078670, 30.3466368)",347,53.907867,30.3466368
Hrodna thermal No. 2,Hrodna city,"(53.6744235, 23.8320282)",302.5,53.6744235,23.8320282
Navapolack thermal,Navapolack city,"(55.5166475, 28.6471993)",270,55.5166475,28.6471993
Mazyr thermal,Mazyr city,"(52.0340489, 29.2276709)",205,52.0340489,29.2276709
Babruysk thermal No. 2,Babruysk city,"(53.1389554, 29.2526392)",182.6,53.1389554,29.2526392
Svietlahorsk thermal,Svietlahorsk city,"(52.6348802, 29.7343174)",155,52.6348802,29.7343174
Minsk thermal No. 2,Minsk city,"(53.8954315, 27.5489567)",94,53.8954315,27.5489567
Viciebsk thermal,Viciebsk city,"(55.1945605, 30.1953515)",80,55.1945605,30.1953515
Orša thermal,Orša city,"(54.5125600, 30.4251007)",79.8,54.51256,30.4251007
Barysaŭ thermal,Barysaŭ city,"(54.2243254, 28.5119119)",65,54.2243254,28.5119119
Žodzina thermal,Žodzina city,"(54.0970679, 28.3170418)",54,54.0970679,28.3170418
Lida thermal,Lida city,"(53.8864542, 25.3149770)",43,53.8864542,25.314977
Viciebsk hydro,Viciebsk Region,"(55.3273235, 28.5786001)",40,55.3273235,28.5786001
Mahilioŭ thermal No. 1,Mahilioŭ city,"(53.9039581, 30.3537296)",38.5,53.9039581,30.3537296
Homiel thermal No. 1,Homiel city,"(52.4334812, 30.9888371)",37.3,52.4334812,30.9888371
Žlobin thermal,Žlobin city,"(52.8878518, 30.0416807)",26.2,52.8878518,30.0416807
Pinsk thermal,Pinsk city,"(52.1142809, 26.1049566)",22,52.1142809,26.1049566
Polack hydro,Viciebsk Region,"(55.2921899, 28.8859075)",21.7,55.2921899,28.8859075
Mahilioŭ thermal No. 3,Mahilioŭ city,"(53.9039581, 30.3537296)",19.5,53.9039581,30.3537296
Baranavičy thermal,Baranavičy city,"(53.1330270, 26.0178461)",18,53.133027,26.0178461
Hrodna hydro,Hrodna Region,"(54.7553108, 26.0920401)",17,54.7553108,26.0920401
Brest thermal,Brest city,"(52.0996507, 23.7636662)",12,52.0996507,23.7636662
Babruysk thermal No. 1,Babruysk city,"(53.1373083, 29.2462328)",12,53.1373083,29.2462328
Loviisa Nuclear Power Plant 1,Loviisa,60.3712353°N 26.3470924°E,488,60.3712353,26.3470924
Loviisa 2,,60.3703866°N 26.3463843°E,488,60.3703866,26.3463843
Olkiluoto Nuclear Power Plant 1,Olkiluoto,61.2369104°N 21.445806°E,860,61.2369104,21.445806
Olkiluoto 2,,61.2359708°N 21.4424586°E,860,61.2359708,21.4424586
Alholmens Kraft Power Station,Jakobstad,63.701944°N 22.709722°E,265,63.701944,22.709722
Haapaniemi Power Station,Kuopio,62.879167°N 27.675556°E,90,62.879167,27.675556
Haapavesi Power Station,Haapavesi,64.1222°N 25.4130°E,154,64.1222,25.413
Joensuu Power Station,Joensuu,62.5934°N 29.8370°E,50,62.5934,29.837
Kaukaan Voima Power Station,Lappeenranta,61°04′00″N 28°14′40″E,125,61.06666666666667,28.244444444444447
Keljonlahti Power Station,Jyväskylä,62.1923°N 25.7376°E,209,62.1923,25.7376
Kymin Voima Power Station,Kouvola,60°54′31.02″N 26°39′45.48″E,76,60.90861666666667,26.662633333333332
Pursiala Power Station,Mikkeli,61.6753°N 27.2901°E,62,61.6753,27.2901
Rauhalahti Power Station,Jyväskylä,62.235556°N 25.813889°E,87,62.235556,25.813889
Seinäjoki Power Station,Seinäjoki,62.7418°N 22.8156°E,120,62.7418,22.8156
Tihisenniemi Power Station,Kajaani,64.233333°N 27.689167°E,88,64.233333,27.689167
Toppila Power Station,Oulu,60.164722°N 25.488056°E,190,60.164722,25.488056
Vanaja Power Station,Hämeenlinna,60.9748°N 20.5053°E,54,60.9748,20.5053
Imatra Dam,Imatra,61.1667966°N 28.7746954°E,178,61.1667966,28.7746954
Petäjäskoski Dam,Rovaniemi,66.27164°N 25.339816°E,154,66.27164,25.339816
Taivalkoski Dam,Keminmaa,65.932788°N 24.70600°E,133,65.932788,24.706
Fortum Klaipėda Combined Heat and Power Plant,Klaipėda,55°41′2″N 21°12′1.67″E,20 MW,55.68388888888889,21.200463888888887
Klaipėda Geothermal Demonstration Plant,Klaipėda,55.6844741°N 21.2017894°E,35 MW,55.6844741,21.2017894
Kaunas Hydroelectric Power Plant,Kaunas,54.8739893°N 23.9994836°E,100 MW,54.8739893,23.9994836
Kruonis Pumped Storage Plant,Kruonis,54.7990769°N 24.2470837°E,900 MW,54.7990769,24.2470837
Lifosa Power Plant,Kėdainiai,55°16′13″N 24°1′5″E,37 MW,55.27027777777778,24.018055555555556
Šiauliai Biomass Power Plant,Šiauliai,55°54′40″N 23°18′44″E,11 MW,55.91111111111111,23.31222222222222
Gorzów,,"(52.7398443, 15.2384187)",65.5,52.7398443,15.2384187
Zielona Góra,,"(51.9385632, 15.5034494)",190,51.9385632,15.5034494
Dychów,Lubuskie,"(51.9868795, 15.0607039)",90,51.9868795,15.0607039
Grajówka,Lubuskie,"(51.6720422, 15.2908716)",2.79,51.6720422,15.2908716
Niedzica,Małopolskie,"(49.4094710, 20.3019661)",92.75,49.409471,20.3019661
Rożnów,Małopolskie,"(49.7715184, 20.6957939)",50,49.7715184,20.6957939
Włocławek,Kujawsko-Pomorskie,"(53.4136257, 18.5895398)",160,53.4136257,18.5895398
Solina,Solina,"(49.3993322, 22.4677303)",200,49.3993322,22.4677303
Żar,,"(52.6427147, 18.4936793)",500,52.6427147,18.4936793
Żarnowiec,Pomorskie,"(54.7874158, 18.0856717)",680,54.7874158,18.0856717
Margonin,Greater Poland,"(52.3864240, 17.4228382)",120,52.386424,17.4228382
Marszewo I & II,West Pomerania,"(54.5119775, 16.7022922)",100,54.5119775,16.7022922
Kopaniewo (FW Lotnisko),Pomerania,"(54.3488797, 18.2668677)",94.5,54.3488797,18.2668677
Resko I & II,West Pomerania,"(53.8842146, 16.6012474)",90.3,53.8842146,16.6012474
Karścino Wind Farm,West Pomerania,"(53.8842146, 16.6012474)",90,53.8842146,16.6012474
Żuromin,Masovia,"(53.0660775, 19.9089046)",61.2,53.0660775,19.9089046
Nekla[48],Greater Poland,"(52.3864240, 17.4228382)",52.5,52.386424,17.4228382
Tymień Wind Farm,West Pomerania,"(54.2020220, 15.8617084)",50,54.202022,15.8617084
Banie-Kozielice,West Pomerania,"(53.0976224, 14.6704961)",50,53.0976224,14.6704961
Pelplin,Pomerania,"(54.3488797, 18.2668677)",49,54.3488797,18.2668677
Gawłowice,Kuyavian-Pomeranian,"(53.3616538, 18.8663001)",48.3,53.3616538,18.8663001
Łosino near Słupsk,Pomerania,"(54.3488797, 18.2668677)",48,54.3488797,18.2668677
Gołdap,Warmia-Masuria,"(54.3069111, 22.3034477)",48,54.3069111,22.3034477
Mycielin,Lubusz,"(51.9605949, 18.2461872)",46,51.9605949,18.2461872
Skurpie,Warmia-Masuria,"(53.9663966, 20.8053223)",43.7,53.9663966,20.8053223
Płaszewo-Lulemino,Pomerania,"(54.3488797, 18.2668677)",41.4,54.3488797,18.2668677
Suwałki,Podlaskie,"(53.3441696, 23.1329695)",41,53.3441696,23.1329695
Kisielice I & II,Warmia-Masuria,"(53.9663966, 20.8053223)",53.6,53.9663966,20.8053223
Karwice,West Pomerania,"(53.4605271, 15.8761149)",40,53.4605271,15.8761149
Wicko,Pomerania,"(54.3488797, 18.2668677)",40,54.3488797,18.2668677
Jagniątkowo (Lake Ostrowo),West Pomerania,"(53.9245263, 14.7149859)",34.2,53.9245263,14.7149859
Łukaszów,Lower Silesian,"(51.1891960, 15.9271081)",34,51.189196,15.9271081
Śniatowo,West Pomerania,"(53.8855635, 14.8730830)",32,53.8855635,14.873083
Kamieńsk,Łódź,"(51.2048619, 19.4988657)",31.2,51.2048619,19.4988657
Karnice I,West Pomerania,"(51.0965000, 16.4836315)",29.9,51.0965,16.4836315
Zagórze,West Pomerania,"(53.5305997, 15.1392071)",30,53.5305997,15.1392071
Wojciechowo,Pomerania,"(54.3488797, 18.2668677)",28.3,54.3488797,18.2668677
Rajgród,Podlaskie,"(53.3441696, 23.1329695)",25.3,53.3441696,23.1329695
Modlikowice,Lower Silesian,"(51.2136695, 17.0010960)",24,51.2136695,17.001096
Puck,Pomerania,"(54.3488797, 18.2668677)",22,54.3488797,18.2668677
Cisowo,West Pomerania,"(53.5305997, 15.1392071)",18,53.5305997,15.1392071
Lisewo,Pomerania,"(54.3488797, 18.2668677)",10.8,54.3488797,18.2668677
"Lubawa (Elektrownia Wiatrowa ""Rożental"")",Warmia-Mazuria,"(53.5667513, 19.7675468)",8,53.5667513,19.7675468
Barzowice,West Pomerania,"(54.4785805, 16.5107689)",5.1,54.4785805,16.5107689
"Doel Nuclear Power Station, Unit 1",Doel,51°19′21″N 4°15′40″E,433,51.322500000000005,4.261111111111111
"Doel Nuclear Power Station, Unit 2",Doel,51°19′23″N 4°15′41″E,433,51.323055555555555,4.261388888888889
"Doel Nuclear Power Station, Unit 4",Doel,51°19′33″N 4°15′26″E,1038,51.325833333333335,4.2572222222222225
"Tihange Nuclear Power Station, Unit 1",Huy,50°32′05″N 5°16′17″E,962,50.53472222222222,5.271388888888889
"Tihange Nuclear Power Station, Unit 2",Huy,50°32′08″N 5°16′24″E,1008,50.535555555555554,5.273333333333333
"Tihange Nuclear Power Station, Unit 3",Huy,50°32′05″N 5°16′39″E,1054,50.53472222222222,5.2775
Coo-Trois-Ponts Hydroelectric Power Station,Stavelot,50°23′12″N 5°51′26″E,1164,50.38666666666666,5.857222222222222
Plate Taille,Lake Eau d'Heure,50°11′19″N 4°23′11″E,143,50.18861111111111,4.386388888888889
Bévercé Lake Robertville,Malmedy,50°26′20″N 6°02′20″E,9.2,50.43888888888888,6.038888888888889
Lake Bütgenbach,Bütgenbach,50°26′10″N 6°12′37″E,1.8,50.43611111111111,6.210277777777778
Heid-de-Goreux,Aywaille,50°27′22″N 5°43′04″E,8.1,50.45611111111111,5.717777777777778
La-Vierre,Chiny,49°43′59″N 5°22′37″E,1.9,49.73305555555556,5.376944444444444
Ampsin-Neuville,Amay,50°32′03″N 5°17′48″E,10,50.534166666666664,5.296666666666667
Ivoz-Ramet,Liège,50°35′35″N 5°27′41″E,10,50.59305555555556,5.461388888888889
Andenne,Andenne,50°29′31″N 5°04′12″E,9,50.49194444444444,5.069999999999999
Monsin,Liège,50°39′11″N 5°37′53″E,18,50.653055555555554,5.631388888888889
Lixhe,Visé,50°45′06″N 5°41′16″E,20,50.751666666666665,5.687777777777778
Floriffoux,Namur,50°26′48″N 4°46′25″E,1,50.446666666666665,4.773611111111111
Grands-Malades,Namur,50°27′57″N 4°53′58″E,5,50.465833333333336,4.899444444444444
C-Power,Thorntonbank,51°34′00″N 3°00′00″E,325,51.56666666666667,3.0
Belwind,Bligh bank,51°39′36″N 2°48′00″E,171,51.66,2.8
Northwind,Lodewijk Bank,51°37′09″N 2°55′06″E,216,51.619166666666665,2.918333333333333
Bellwind II,Zeebrugge,51°40′N 2°49′E,165,51.666666666666664,2.8166666666666664
Rentel,between Northwind and C-Power,51°34′33″N 2°55′08″E,309,51.575833333333335,2.9188888888888886
Norther,southeast of Thornton Bank,51°30′49″N 2°59′29″E,370,51.51361111111111,2.991388888888889
Northwester 2,,51°41′10″N 2°45′34″E,219,51.68611111111111,2.7594444444444446
SeaMade SeaStar,,51°43′N 2°44′E,252,51.71666666666667,2.7333333333333334
SeaMade Mermaid,,51°38′N 2°52′E,235.2,51.63333333333333,2.8666666666666667
Zephiros,Arendonk,51°17′51″N 5°06′03″E,16.1,51.2975,5.100833333333333
Puurs,Puurs,51°04′46″N 4°21′07″E,6.9,51.07944444444445,4.351944444444444
Middelkerke,Middelkerke,51°12′03″N 2°45′47″E,1.56,51.200833333333335,2.7630555555555554
Noorderkempen,"Brecht, Wuustwezel, Hoogstraten",51°10′47″N 3°31′59″E,22.1,51.17972222222222,3.5330555555555554
Kapelle-op-den-Bos,Kapelle-op-den-Bos,50°59′44″N 4°22′24″E,1.2,50.995555555555555,4.373333333333333
Brugge,Brugge,51°12′34″N 3°13′29″E,4.2,51.20944444444445,3.2247222222222223
Transeeklo,Eeklo,51°10′47″N 3°31′59″E,1.8,51.17972222222222,3.5330555555555554
Puurs(A12/Rupeltunnel),Puurs,51°04′46″N 4°21′07″E,4,51.07944444444445,4.351944444444444
Lommel-Balendijk,Lommel,51°12′43″N 5°15′32″E,8,51.21194444444445,5.2588888888888885
Zeebrugge,Brugge,51°18′58″N 3°11′09″E,,51.316111111111105,3.185833333333333
Izegem Bosmolens,Izegem,50°55′41″N 3°11′59″E,4.6,50.92805555555555,3.199722222222222
Hasselt Godsheide,Hasselt,50°56′22″N 5°21′56″E,4,50.93944444444444,5.365555555555555
Diest-Bekkevoort,"Diest, Bekkevoort",50°57′01″N 5°03′08″E,11.5,50.95027777777778,5.052222222222222
Halen,Halen,50°56′49″N 5°02′49″E,11.5,50.94694444444444,5.046944444444445
Izegem-Mandel,Izegem,50°56′07″N 3°10′34″E,4,50.93527777777778,3.176111111111111
Maaseik,Maaseik,51°05′56″N 5°41′04″E,6,51.098888888888894,5.684444444444445
Brecht,Brecht,51°20′59″N 4°38′16″E,6,51.349722222222226,4.637777777777777
Beringen,Beringen,51°04′09″N 5°11′43″E,4.6,51.06916666666667,5.195277777777778
Hasselt Centrale Werkplaatsen,Hasselt,50°55′52″N 5°20′16″E,4.6,50.93111111111111,5.337777777777777
Wuustwezel-Hoogstraten,"Wuustwezel, Hoogstraten",51°23′22″N 4°35′28″E,16.1,51.38944444444444,4.591111111111111
Beringen Albertkanaal,Beringen,51°04′09″N 5°11′43″E,4.6,51.06916666666667,5.195277777777778
Beringen Ravenshout,Beringen,51°04′03″N 5°10′38″E,2,51.0675,5.177222222222222
Bilzen-Riemst,Riemst,50°52′19″N 5°31′00″E,10.4,50.871944444444445,5.516666666666667
Dilsen-Stokkem,Dilsen-Stokkem,51°02′53″N 5°41′55″E,6,51.04805555555556,5.698611111111111
Genk North,Genk,50°57′44″N 5°30′11″E,4,50.96222222222222,5.503055555555555
Genk South II,Genk,50°56′45″N 5°28′49″E,8,50.94583333333333,5.480277777777778
Ham Albertkanaal I,Limburg,51°05′41″N 5°07′10″E,4,51.094722222222224,5.1194444444444445
Ham Albertkanaal II,Limburg,51°05′41″N 5°07′10″E,4.1,51.094722222222224,5.1194444444444445
Lommel Kristalpark,Lommel,51°12′51″N 5°16′14″E,10,51.21416666666667,5.270555555555555
Lommel Kolenhaven,Lommel,51°12′11″N 5°15′33″E,4,51.20305555555556,5.259166666666666
Maasmechelen Oude Bunders,Maasmechelen,50°58′47″N 5°42′07″E,4,50.97972222222222,5.701944444444445
Riemst E313,"Riemst, Limburg",50°48′38″N 5°31′10″E,10.4,50.81055555555555,5.519444444444445
Tessenderlo Ravenshout,Tessenderlo,51°04′20″N 5°09′56″E,2,51.07222222222222,5.165555555555556
Tessenderlo Schoonhees,Tessenderlo,51°03′17″N 5°06′45″E,9,51.05472222222222,5.1125
Bruges Pathoekeweg retrofit,Brugge,51°15′47″N 3°12′47″E,11.5,51.26305555555555,3.2130555555555556
Gistel,Gistel,51°10′02″N 2°58′02″E,9.2,51.16722222222222,2.9672222222222224
Ypres,Ypres,50°50′57″N 2°52′40″E,6.9,50.84916666666667,2.8777777777777778
Antwerp Left bank,Antwerp,51°13′10″N 4°24′09″E,45,51.21944444444445,4.402500000000001
Antwerp Left bank II,Antwerp,51°13′10″N 4°24′09″E,3.2,51.21944444444445,4.402500000000001
Antwerp Left bank III,Antwerp,51°13′10″N 4°24′09″E,12,51.21944444444445,4.402500000000001
Antwerp Left bank IV,Antwerp,51°13′10″N 4°24′09″E,3.2,51.21944444444445,4.402500000000001
Antwerp Right bank I,Antwerp,51°13′10″N 4°24′09″E,15,51.21944444444445,4.402500000000001
Antwerp Right bank II,Antwerp,51°13′10″N 4°24′09″E,11.75,51.21944444444445,4.402500000000001
Hoogstraten E19,Hoogstraten,51°28′24″N 4°43′52″E,6.9,51.473333333333336,4.731111111111111
Diest,Diest,50°59′23″N 5°03′01″E,3.4,50.98972222222222,5.050277777777778
Assenede,Assenede,51°13′47″N 3°41′30″E,12,51.22972222222222,3.691666666666667
Dendermonde,Dendermonde,51°01′32″N 4°06′07″E,2,51.025555555555556,4.101944444444444
Eeklo,Eeklo,51°10′47″N 3°31′59″E,1.8,51.17972222222222,3.5330555555555554
Haaltert,Haaltert,50°52′40″N 4°01′46″E,9.2,50.87777777777778,4.029444444444445
Zele,Zele,51°03′23″N 4°04′13″E,6.9,51.05638888888888,4.070277777777777
Ieperlee,Ieper,50°52′47″N 2°52′44″E,20.7,50.87972222222222,2.878888888888889
De put,Nieuwkapelle,50°59′58″N 2°48′00″E,1.6,50.99944444444444,2.8
Halle,Halle,51°29′49″N 11°58′08″E,1.65,51.496944444444445,11.96888888888889
Eeklo,Eeklo,51°10′47″N 3°31′59″E,4.2,51.17972222222222,3.5330555555555554
Eeklo2,Eeklo,51°10′47″N 3°31′59″E,4.6,51.17972222222222,3.5330555555555554
Melle,Melle,50°58′51″N 3°49′03″E,6.9,50.98083333333334,3.8175
Hamme,Hamme,51°04′26″N 4°08′07″E,4.6,51.073888888888895,4.1352777777777785
Kluizendok,Ghent,51°09′46″N 3°46′49″E,22,51.16277777777778,3.7802777777777776
Ford Genk,Genk,50°57′58″N 5°30′08″E,4,50.96611111111111,5.502222222222223
Bobbejaanland,Kasterlee,51°11′58″N 4°54′18″E,0.66,51.19944444444444,4.905
Schelle,Schelle,51°07′31″N 4°19′14″E,4.5,51.125277777777775,4.320555555555555
Rodenhuize,Ghent (Desteldonk),51°08′50″N 3°47′31″E,4.1,51.14722222222222,3.7919444444444443
Wondelgem,Ghent (Wondelgem),51°05′26″N 3°42′58″E,4,51.09055555555556,3.716111111111111
Volvo Trucks,Ghent (Oostakker),51°05′26″N 3°42′58″E,6,51.09055555555556,3.716111111111111
Izegem,Izegem,50°55′41″N 3°11′59″E,4,50.92805555555555,3.199722222222222
BASF,Zandvliet,51°21′48″N 4°17′49″E,12,51.36333333333334,4.296944444444445
Volvo Cars,Ghent (Oostakker),51°05′59″N 3°45′51″E,6.15,51.099722222222226,3.7641666666666667
Celanese,Lanaken,50°52′48″N 5°39′19″E,8,50.88,5.655277777777778
Zeebrugge,Zeebrugge,50°18′58″N 3°11′09″E,4.1,50.316111111111105,3.185833333333333
DS Textile,Dendermonde,51°01′32″N 4°06′07″E,4.7,51.025555555555556,4.101944444444444
Brugge I,Brugge,51°12′33″N 3°13′29″E,3,51.20916666666667,3.2247222222222223
Zedelgem,Zedelgem,51°08′08″N 3°09′52″E,1.8,51.135555555555555,3.1644444444444444
Brugge III,Brugge,51°12′33″N 3°13′29″E,12.6,51.20916666666667,3.2247222222222223
Middelkerke,Middelkerke,51°11′06″N 2°49′15″E,0.8,51.184999999999995,2.8208333333333333
Evolis,Kortrijk,50°49′10″N 3°15′28″E,8,50.81944444444445,3.2577777777777777
Kallo,Kallo,51°16′11″N 4°15′28″E,2,51.26972222222222,4.257777777777778
Maldegem,"Maldegem, Eeklo",51°13′01″N 3°29′20″E,16.1,51.216944444444444,3.488888888888889
Berlare,Berlare,51°12′33″N 3°26′55″E,9.2,51.20916666666667,3.4486111111111115
Braemland I,Kruibeke,51°01′03″N 4°00′21″E,6,51.0175,4.005833333333333
Braemland II,Beveren,51°10′43″N 4°16′43″E,4,51.17861111111111,4.278611111111111
Duikeldam,Beveren,51°10′53″N 4°16′35″E,8.2,51.18138888888889,4.276388888888889
Lommel-Umicore,Lommel,51°12′11″N 5°15′33″E,8,51.20305555555556,5.259166666666666
Gistelwind,Gistel,51°09′23″N 2°58′03″E,13.5,51.156388888888884,2.9675000000000002
DS Textile,Kruibeke,51°10′14″N 4°18′44″E,2.3,51.17055555555555,4.312222222222222
Nike Wind Park,Laakdal,51°05′05″N 5°01′51″E,9,51.084722222222226,5.030833333333334
Antwerpen Rechteroever,Antwerp,51°13′10″N 4°24′09″E,15,51.21944444444445,4.402500000000001
Theux,,50°32′06″N 5°48′51″E,0.33,50.535,5.814166666666667
Marbais,,50°32′14″N 4°30′54″E,16,50.53722222222222,4.515
Marbais extension,,50°31′59″N 4°30′14″E,6,50.533055555555556,4.503888888888889
Gouvy,,50°11′58″N 5°56′07″E,11.5,50.19944444444444,5.935277777777778
Mettet / Fosse-la-Ville 2,,50°22′12″N 4°38′56″E,9.2,50.37,4.648888888888888
"Eghezée, Perwez 4",,50°36′23″N 4°47′30″E,2.5,50.60638888888889,4.791666666666667
"La Bruyère, Eghezeée",,50°35′34″N 4°54′13″E,10,50.59277777777778,4.903611111111111
Mettet,,50°19′12″N 4°39′28″E,22,50.32,4.6577777777777785
Perwez extension 2,,50°36′41″N 4°47′49″E,5,50.61138888888889,4.796944444444445
Campagne Spêches extension,,50°32′49″N 4°37′34″E,3,50.54694444444444,4.626111111111111
Perwez,,50°36′23″N 4°47′30″E,7.5,50.60638888888889,4.791666666666667
Pont-à-Celles,,50°32′40″N 4°20′45″E,16,50.544444444444444,4.345833333333333
Amblève,,50°20′49″N 6°13′22″E,10,50.346944444444446,6.222777777777778
Perwez,,50°36′23″N 4°47′30″E,4.5,50.60638888888889,4.791666666666667
Bastogne,,50°00′02″N 5°42′55″E,6,50.00055555555556,5.715277777777778
Le Roeulx,,50°29′24″N 4°04′47″E,9.2,50.49,4.079722222222222
Amel,,50°20′49″N 6°13′22″E,6,50.346944444444446,6.222777777777778
Villers 1,,50°34′48″N 5°14′24″E,9,50.580000000000005,5.24
"Villers 2 (Wanze, Vinalmont)",,50°34′48″N 5°14′24″E,3,50.580000000000005,5.24
Villers 3 (Verlaine),,50°34′48″N 5°14′24″E,10,50.580000000000005,5.24
Berloz,,50°41′50″N 5°11′14″E,6,50.697222222222216,5.187222222222222
Walcourt,,50°15′14″N 4°26′06″E,9,50.25388888888889,4.4350000000000005
Yvoir-Dinant,,50°17′46″N 4°59′02″E,12,50.29611111111111,4.983888888888889
Fernelmont,,50°32′00″N 4°57′44″E,4.6,50.53333333333333,4.9622222222222225
Fernelmont 2,,50°32′00″N 4°57′44″E,2.3,50.53333333333333,4.9622222222222225
Ciney-Sovet,,50°17′47″N 5°02′11″E,20.25,50.296388888888885,5.036388888888888
Bütgenbach,,50°25′36″N 6°12′15″E,8,50.42666666666666,6.204166666666667
Bullange,,50°23′38″N 6°19′12″E,12,50.39388888888889,6.319999999999999
Villeroux Vaux-sur-Sûre,,49°59′20″N 5°39′57″E,12,49.98888888888889,5.6658333333333335
Leuze,,50°35′58″N 3°38′20″E,20.5,50.599444444444444,3.638888888888889
Seneffe,,50°30′46″N 4°15′47″E,2.3,50.51277777777778,4.263055555555556
Saint Vith,,50°17′28″N 6°05′09″E,0.5,50.29111111111111,6.085833333333333
Chevetogne,,50°13′17″N 5°08′47″E,0.8,50.22138888888889,5.14638888888889
Baileux,,50°01′43″N 4°22′34″E,10,50.02861111111111,4.37611111111111
Froidchapelle,,50°12′57″N 4°19′56″E,25,50.215833333333336,4.332222222222222
Cerfontaine,,50°10′30″N 4°29′39″E,22,50.175,4.494166666666667
Boussu-en-Fagne (Couvin),,50°04′15″N 4°28′56″E,2,50.07083333333334,4.482222222222222
Campagne Spppêches,,50°32′49″N 4°37′34″E,6,50.54694444444444,4.626111111111111
Hoqugné Chivremont,,50°24′17″N 6°05′50″E,9.2,50.40472222222222,6.097222222222222
Saint Vith,,50°17′28″N 6°05′09″E,10,50.29111111111111,6.085833333333333
Flamière,,50°52′23″N 4°18′34″E,7.5,50.87305555555555,4.309444444444444
Saint Ode,,50°01′38″N 5°35′33″E,15,50.02722222222222,5.592499999999999
Bastogne Bourcy,,50°03′32″N 5°48′30″E,17.5,50.05888888888889,5.808333333333334
Dour 1,,50°24′00″N 3°46′58″E,14,50.4,3.7827777777777776
Dour 2,,50°24′00″N 3°46′58″E,8,50.4,3.7827777777777776
Dour 3,,50°24′00″N 3°46′58″E,6.9,50.4,3.7827777777777776
Tournai,,50°36′20″N 3°23′16″E,16.1,50.605555555555554,3.3877777777777776
Quévy,,50°22′50″N 3°57′19″E,18,50.38055555555555,3.955277777777778
Mesnil-Eglise-Finnevaux,,50°09′37″N 4°55′44″E,1.39,50.16027777777778,4.928888888888889
Mesnil-Eglise,,50°09′54″N 4°57′49″E,0.8,50.165,4.963611111111112
Ghislenghien,,50°39′10″N 3°51′54″E,2,50.65277777777778,3.865
Levant de Mons,,50°26′04″N 3°54′05″E,66,50.43444444444444,3.901388888888889
Floreffe Fosse-la-Ville,,50°22′12″N 4°38′56″E,16.1,50.37,4.648888888888888
Bièvre 2,,49°57′11″N 5°01′14″E,14,49.95305555555556,5.020555555555555
Fyn Power Station,Odense,55°25′47.3″N 10°24′39.6″E,632,55.429805555555554,10.411
Studstrup Power Station,Studstrup,56°15′0.7″N 10°20′41.4″E,700,56.250194444444446,10.344833333333334
Avedøre Power Station,Avedøre,55.602761°N 12.47925°E,810,55.602761,12.47925
Lisbjerg Power Station,Lisbjerg,56°13′40″N 10°09′30″E,154,56.22777777777778,10.158333333333333
Anholt,,56°36′00″N 11°12′36″E,400,56.6,11.209999999999999
Horns Rev II,,55°36′00″N 7°35′24″E,209,55.6,7.59
Rødsand II,,54°33′36″N 11°33′0″E,207,54.559999999999995,11.55
Nysted (Rødsand I),,54°33′0″N 11°42′36″E,166,54.55,11.709999999999999
Horns Rev I,,55°31′47″N 7°54′22″E,160,55.52972222222222,7.9061111111111115
Middelgrunden,,55°41′27″N 12°40′13″E,40,55.69083333333333,12.670277777777777
Nissum Bredning Vind,,56°40′12″N 8°14′38″E,28,56.669999999999995,8.243888888888888
Samsø,,55°43′12″N 10°34′48″E,23,55.72,10.58
Sprogø,,55°20′24″N 10°57′36″E,21,55.34,10.959999999999999
Rønland 1,,56°39′46″N 8°13′10″E,17.2,56.66277777777778,8.219444444444445
Avedøre Holme,,55°36′0″N 12°27′30″E,10.8,55.6,12.458333333333332
Frederikshavn,,57°26′40″N 10°33′40″E,7.6,57.44444444444444,10.561111111111112
Tunø Knob,,55°58′10″N 10°21′20″E,5,55.96944444444445,10.355555555555556
Vindeby,,54°58′12″N 11°7′48″E,4.95,54.97,11.13
Pļaviņas Hydroelectric Power Station,Aizkraukle,56.5822027°N 25.2373123°E,883.5,56.5822027,25.2373123
Riga Hydroelectric Power Plant,Salaspils,56.8513187°N 24.2720389°E,402,56.8513187,24.2720389
Ķegums Hydroelectric Power Station,Ķegums,56.7406744°N 24.710784°E,264.1,56.7406744,24.710784
Aiviekste Hydroelectric Power Station,,"(56.6461464, 25.9478875)",0.8,56.6461464,25.9478875
Pope Wind Farm,Pope parish,"(57.4460665, 21.8792308)",20.7,57.4460665,21.8792308
Grobiņa Wind Farm,Grobiņa,"(56.5411466, 21.1667527)",9.6,56.5411466,21.1667527
Liepāja Wind Farm,Liepāja,"(56.5046678, 21.0108060)",2,56.5046678,21.010806
Ainaži Wind Farm,Ainaži,"(57.8051480, 23.2460512)",1.2,57.805148,23.2460512
Jelgava Power Station,Jelgava,"(56.6186656, 24.1775779)",23,56.6186656,24.1775779
Getlini Power Station,Rīga,"(56.9360971, 24.1973471)",6.3,56.9360971,24.1973471
Lizums Power Station,Lizums,"(57.2292408, 24.9911895)",3,57.2292408,24.9911895
Valka Power Station,Valka,"(57.8068270, 26.3552027)",2.4,57.806827,26.3552027
Kuldiga Power Station,Kuldīga,"(56.4575131, 23.6051110)",0.7,56.4575131,23.605111
Tukums Power Station,Tukums,"(56.9628797, 23.1728606)",0.73,56.9628797,23.1728606
Zalenieki Power Station,Zaļenieki,"(56.6768256, 24.3001606)",0.55,56.6768256,24.3001606
Vecauce Power Station,Vecauce,"(56.3399879, 23.5529897)",0.26,56.3399879,23.5529897
Väo Power Plant,"Tallinn, Estonia",59°26′14″N 24°54′23″E,25 MW,59.43722222222222,24.906388888888888
